,0,1,2,3,4,5,6,7,8,9,accuracy,macro avg,weighted avg
precision,0.845,0.8746518105849582,0.742014742014742,0.7466307277628033,0.6942355889724311,0.7566909975669099,0.75,0.8058968058968059,0.8236658932714617,0.7659137577002053,0.779541015625,0.7804700323770317,0.7796899938369025
recall,0.8086124401913876,0.8306878306878307,0.7156398104265402,0.7066326530612245,0.6548463356973995,0.7953964194373402,0.7482352941176471,0.8138957816377171,0.8372641509433962,0.888095238095238,0.779541015625,0.779930595429572,0.779541015625
f1-score,0.8264058679706601,0.8521031207598372,0.7285886610373944,0.7260812581913499,0.6739659367396594,0.775561097256858,0.7491166077738517,0.8098765432098766,0.8304093567251462,0.8224917309812569,0.779541015625,0.779460018064589,0.77886908700613
support,418.0,378.0,422.0,392.0,423.0,391.0,425.0,403.0,424.0,420.0,0.779541015625,4096.0,4096.0
