,alg,function_name,iteration,f(x),epsilon,converged,gradient,m,v,beta1,beta2,alpha,sum,z,x0,x1
0,heavy_ball,f,0,2685,0.0001,,[-1500 -180],,,0.9,0.5,0.1,,0,0,0
1,heavy_ball,f,1,1326152685.00000,0.0001,,[-1500 -180],,,0.9,0.5,0.1,,[-150.000000000000 -18.0000000000000],150.000000000000,18.0000000000000
2,heavy_ball,f,2,5.37191709843806e+26,0.0001,,[36583500.0000000 180.000000000000],,,0.9,0.5,0.1,,[3658215.00000000 1.80000000000000],-3658065.00000000,16.2000000000000
