,alg,function_name,iteration,f(x),epsilon,converged,gradient,m,v,beta1,beta2,alpha,sum,z,x0,x1
0,heavy_ball,g,0,90,0.0001,,[0 -10],,,0.9,0.5,0.1,,0,0,0
1,heavy_ball,g,1,80.0000000000000,0.0001,,[0 -10],,,0.9,0.5,0.1,,[0 -1.00000000000000],0,1.00000000000000
2,heavy_ball,g,2,61.0000000000000,0.0001,,[0 -10],,,0.9,0.5,0.1,,[0 -1.90000000000000],0,2.90000000000000
3,heavy_ball,g,3,33.9000000000000,0.0001,,[0 -10],,,0.9,0.5,0.1,,[0 -2.71000000000000],0,5.61000000000000
4,heavy_ball,g,4,0.489999999999995,0.0001,,[0 -10],,,0.9,0.5,0.1,,[0 -3.43900000000000],0,9.04900000000000
5,heavy_ball,g,5,21.4410000000000,0.0001,,[0 10],,,0.9,0.5,0.1,,[0 -2.09510000000000],0,11.1441000000000
6,heavy_ball,g,6,30.2969000000000,0.0001,,[0 10],,,0.9,0.5,0.1,,[0 -0.885590000000000],0,12.0296900000000
7,heavy_ball,g,7,28.2672100000000,0.0001,,[0 10],,,0.9,0.5,0.1,,[0 0.202969000000000],0,11.8267210000000
