,alg,function_name,iteration,f(x),epsilon,converged,gradient,m,v,beta1,beta2,alpha,sum,z,x0,x1
0,heavy_ball,g,0,10,0.0001,,[0 -10],,,0.9,0.5,0.1,,0,4,8
1,heavy_ball,g,1,0,0.0001,,[0 -10],,,0.9,0.5,0.1,,[0 -1.00000000000000],4,9.00000000000000
2,heavy_ball,g,2,9.00000000000000,0.0001,,[0 0],,,0.9,0.5,0.1,,[0 -0.900000000000000],4,9.90000000000000
3,heavy_ball,g,3,7.10000000000001,0.0001,,[0 10],,,0.9,0.5,0.1,,[0 0.190000000000000],4,9.71000000000000
