,alg,function_name,iteration,f(x),epsilon,converged,gradient,m,v,beta1,beta2,alpha,sum,z,x0,x1
0,heavy_ball,f,0,13,0.0001,,[-12 -20],,,0.25,0.5,0.1,,0,4,8
1,heavy_ball,f,1,10.0048000000000,0.0001,,[-12 -20],,,0.25,0.5,0.1,,[-1.20000000000000 -2.00000000000000],5.20000000000000,10.0000000000000
2,heavy_ball,f,2,2.67350943706440,0.0001,,[0.0960000000000003 20.0000000000000],,,0.25,0.5,0.1,,[-0.290400000000000 1.50000000000000],5.49040000000000,8.50000000000000
3,heavy_ball,f,3,0.250919317879067,0.0001,,[1.41524826316800 -10.0000000000000],,,0.25,0.5,0.1,,[0.0689248263168002 -0.625000000000000],5.42147517368320,9.12500000000000
4,heavy_ball,f,4,0.0390773847917303,0.0001,,[0.898456884677384 2.50000000000000],,,0.25,0.5,0.1,,[0.107076895046938 0.0937500000000000],5.31439827863626,9.03125000000000
