,alg,function_name,iteration,f(x),epsilon,converged,gradient,m,v,beta1,beta2,alpha,sum,z,x0,x1
0,heavy_ball,f,0,2685,0.0001,,[-1500 -180],,,0.25,0.5,0.1,,0,0,0
1,heavy_ball,f,1,284493.000000000,0.0001,,[-1500 -180],,,0.25,0.5,0.1,,[-150.000000000000 -18.0000000000000],150.000000000000,18.0000000000000
2,heavy_ball,f,2,133822187234123.,0.0001,,[36583500.0000000 180.000000000000],,,0.25,0.5,0.1,,[3658312.50000000 13.5000000000000],-3658162.50000000,4.50000000000000
