,alg,function_name,iteration,f(x),epsilon,converged,gradient,m,v,beta1,beta2,alpha,sum,z,x0,x1
0,heavy_ball,g,0,10,0.0001,,[0 -10],,,0.25,0.5,0.1,,0,4,8
1,heavy_ball,g,1,0,0.0001,,[0 -10],,,0.25,0.5,0.1,,[0 -1.00000000000000],4,9.00000000000000
2,heavy_ball,g,2,2.50000000000000,0.0001,,[0 0],,,0.25,0.5,0.1,,[0 -0.250000000000000],4,9.25000000000000
3,heavy_ball,g,3,6.87500000000000,0.0001,,[0 10],,,0.25,0.5,0.1,,[0 0.937500000000000],4,8.31250000000000
