,alg,function_name,iteration,f(x),epsilon,converged,gradient,m,v,beta1,beta2,alpha,sum,z,x0,x1
0,rmsprop,f,0,13,0.0001,False,[-12 -20],,,0.25,0.5,0.1,[0. 0.],,4,8
1,rmsprop,f,1,10.0048000000000,0.0001,False,[-12 -20],,,0.25,0.5,0.1,[108.000000000000 300.000000000000],,5.20000000000000,10.0000000000000
2,rmsprop,f,2,7.82865598259434,0.0001,True,[0.0960000000000003 20.0000000000000],,,0.25,0.5,0.1,[27.0069120000000 375.000000000000],,5.19907624845810,9.88453061282489
