,alg,function_name,iteration,step_coeff,adam_grad,f(x),epsilon,converged,gradient,m,v,beta1,beta2,alpha,sum,z,x0,x1
0,rmsprop,g,0,0.1,,11,0.0001,False,[1 10],,,0.25,0.5,0.1,[0. 0.],,6,10
1,rmsprop,g,1,[0.115456722044015 0.0115468720519988],,0.900000000000000,0.0001,False,[1 10],,,0.25,0.5,0.1,[0.750000000000000 75.0000000000000],,5.90000000000000,9.00000000000000
2,rmsprop,g,2,[0.103268890333733 0.0230934774465682],,0.784543277955986,0.0001,True,[1 0],,,0.25,0.5,0.1,[0.937500000000000 18.7500000000000],,5.78454327795599,9.00000000000000
