,alg,function_name,iteration,f(x),epsilon,converged,gradient,m,v,beta1,beta2,alpha,sum,z,x0,x1
0,rmsprop,f,0,2685,0.0001,False,[-1500 -180],,,0.9,0.5,0.1,[0. 0.],,0,0
1,rmsprop,f,1,1326152685.00000,0.0001,False,[-1500 -180],,,0.9,0.5,0.1,[225000.000000000 3240.00000000000],,150.000000000000,18.0000000000000
2,rmsprop,f,2,9.83842945475959e+15,0.0001,True,[36583500.0000000 180.000000000000],,,0.9,0.5,0.1,[133835247427500. 6156.00000000000],,-7562.47735945167,17.6837727895377
