,alg,function_name,iteration,f(x),epsilon,converged,gradient,m,v,beta1,beta2,alpha,sum,z,x0,x1
0,rmsprop,f,0,2685,0.0001,False,[-180 -1500],,,0.25,0.5,0.1,[0. 0.],,0,0
1,rmsprop,f,1,1326152685.00000,0.0001,False,[-180 -1500],,,0.25,0.5,0.1,[24300.0000000000 1687500.00000000],,18.0000000000000,150.000000000000
2,rmsprop,f,2,1253450690.39535,0.0001,True,[180.000000000000 26364.0000000000],,,0.25,0.5,0.1,[30375.0000000000 521717247.000000],,17.8845300202361,147.970498489976
