,alg,function_name,iteration,f(x),epsilon,converged,gradient,m,v,beta1,beta2,alpha,sum,z,x0,x1
0,rmsprop,f,0,2685,0.0001,False,[-1500 -180],,,0.25,0.5,0.1,[0. 0.],,0,0
1,rmsprop,f,1,1326152685.00000,0.0001,False,[-1500 -180],,,0.25,0.5,0.1,[1687500.00000000 24300.0000000000],,150.000000000000,18.0000000000000
2,rmsprop,f,2,152737676831336.,0.0001,True,[36583500.0000000 180.000000000000],,,0.25,0.5,0.1,[1.00376435460938e+15 30375.0000000000],,-2666.19892626206,17.8845300202361
