,alg,function_name,iteration,f(x),epsilon,converged,gradient,m,v,beta1,beta2,alpha,sum,z,x0,x1
0,rmsprop,f,0,13,0.0001,False,[-12 -20],,,0.9,0.5,0.1,[0. 0.],,4,8
1,rmsprop,f,1,10.0048000000000,0.0001,False,[-12 -20],,,0.9,0.5,0.1,[14.4000000000000 40.0000000000000],,5.20000000000000,10.0000000000000
2,rmsprop,f,2,4.68007476855605,0.0001,True,[0.0960000000000003 20.0000000000000],,,0.9,0.5,0.1,[12.9609216000000 76.0000000000000],,5.19747024453678,9.68377723390411
