,alg,function_name,iteration,step_coeff,adam_grad,f(x),epsilon,converged,gradient,m,v,beta1,beta2,alpha,sum,z,x0,x1
0,rmsprop,g,0,0.25,,11,0.0001,False,[1 10],,,0.25,0.5,0.25,[0. 0.],,6,10
1,rmsprop,g,1,[0.288641805110037 0.0288671801299969],,15.7500000000000,0.0001,False,[1 10],,,0.25,0.5,0.25,[0.750000000000000 75.0000000000000],,5.75000000000000,7.50000000000000
2,rmsprop,g,2,[0.258172225834332 0.0258196223108035],,12.5746401818903,0.0001,False,[1 -10],,,0.25,0.5,0.25,[0.937500000000000 93.7500000000000],,5.46135819488996,7.78867180129997
3,rmsprop,g,3,[0.251950921073589 0.0251973775682542],,9.73450572497559,0.0001,False,[1 -10],,,0.25,0.5,0.25,[0.984375000000000 98.4375000000000],,5.20318596905563,8.04686802440800
4,rmsprop,g,4,[0.250464620909312 0.0250487206655285],,7.01158199909454,0.0001,False,[1 -10],,,0.25,0.5,0.25,[0.996093750000000 99.6093750000000],,4.95123504798204,8.29884180009055
5,rmsprop,g,5,[0.500879060824989 0.0250119657373533],,4.50670993254169,0.0001,False,[0 -10],,,0.25,0.5,0.25,[0.249023437500000 99.9023437500000],,4.95123504798204,8.54932900674583
6,rmsprop,g,6,[1.00155745798641 0.0250028022581706],,2.00551335880636,0.0001,False,[0 -10],,,0.25,0.5,0.25,[0.0622558593750000 99.9755859375000],,4.95123504798204,8.79944866411936
7,rmsprop,g,7,[2.00231274346824 0.0250005129616200],,0.494766867010696,0.0001,False,[0 -10],,,0.25,0.5,0.25,[0.0155639648437500 99.9938964843750],,4.95123504798204,9.04947668670107
8,rmsprop,g,8,[4.00142064871373 0.0249999407357314],,2.00528442915131,0.0001,True,[0 10],,,0.25,0.5,0.25,[0.00389099121093750 99.9984741210938],,4.95123504798204,8.79947155708487
