,alg,function_name,iteration,step_coeff,adam_grad,f(x),epsilon,converged,gradient,m,v,beta1,beta2,alpha,sum,z,x0,x1
0,rmsprop,g,0,0.1,,11,0.0001,False,[1 10],,,0.9,0.5,0.1,[0. 0.],,6,10
1,rmsprop,g,1,[0.316127797629618 0.0316217766333056],,0.900000000000000,0.0001,False,[1 10],,,0.9,0.5,0.1,[0.100000000000000 10.0000000000000],,5.90000000000000,9.00000000000000
2,rmsprop,g,2,[0.229363114363357 0.0333322222592580],,0.583872202370383,0.0001,True,[1 0],,,0.9,0.5,0.1,[0.190000000000000 9.00000000000000],,5.58387220237038,9.00000000000000
