{
  "best_params": [
    913.957430854217,      # minibatch
    0.0015701252586464568, # alpha
    0.6575874719325618,    # beta_1
    0.932720394784433,     # beta_2
    81.32088463431727      # num_epochs
  ],
  "best_cost": 1.8064099550247192
}
