{
  "best_params": [
    534.4469442210992,      # minibatch
    0.0006231460669478447,  # alpha
    0.7991814790199026,     # beta_1
    0.9007039736299371,     # beta_2
    44.05592177501114       # num_epochs
  ],
  "best_cost": 1.7486121654510498
}
