{
  "best_params": [
    742.2428227795274,      # minibatch
    0.0009079703308546692,  # alpha
    0.8199336231638713,     # beta_1
    0.6038924210437369,     # beta_2
    64.06011278706069       # num_epochs
  ],
  "best_cost": 1.7933474779129028
}
