{"results": {"best_params": [23.86519945389713, 0.4993372512608249, 0.15704957667833597, 0.09408895444299648, 8.917075559331144], "best_cost": 2.949307441711426}, "stats": {"it_best_costs": [3.18949031829834, 3.18949031829834, 3.18949031829834, 3.18949031829834, 3.0369701385498047, 2.949307441711426], "it_best_params": [[23.86519945389713, 0.4993372512608249, 0.15704957667833597, 0.09408895444299648, 8.917075559331144], [23.86519945389713, 0.4993372512608249, 0.15704957667833597, 0.09408895444299648, 8.917075559331144], [23.86519945389713, 0.4993372512608249, 0.15704957667833597, 0.09408895444299648, 8.917075559331144], [23.86519945389713, 0.4993372512608249, 0.15704957667833597, 0.09408895444299648, 8.917075559331144], [23.86519945389713, 0.4993372512608249, 0.15704957667833597, 0.09408895444299648, 8.917075559331144], [23.86519945389713, 0.4993372512608249, 0.15704957667833597, 0.09408895444299648, 8.917075559331144]], "time": [2.1910181045532227, 4.6108832359313965, 6.366154670715332, 8.35189700126648, 10.334033250808716, 12.334367752075195]}, "iteration_results": [{"M": 1, "best_m_params": [[23.86519945389713, 0.4993372512608249, 0.15704957667833597, 0.09408895444299648, 8.917075559331144]], "best_m_costs": [3.18949031829834], "best_params": [23.86519945389713, 0.4993372512608249, 0.15704957667833597, 0.09408895444299648, 8.917075559331144], "best_cost": 3.18949031829834}, {"M": 1, "best_m_params": [[23.86519945389713, 0.4993372512608249, 0.15704957667833597, 0.09408895444299648, 8.917075559331144]], "best_m_costs": [2.949307441711426], "best_params": [23.86519945389713, 0.4993372512608249, 0.15704957667833597, 0.09408895444299648, 8.917075559331144], "best_cost": 2.949307441711426}]}