,0,1,2,3,4,5,6,7,8,9,accuracy,macro avg,weighted avg
precision,0.7243401759530792,0.7607361963190185,0.4536741214057508,0.5706051873198847,0.6148409893992933,0.5477272727272727,0.6685552407932012,0.6042553191489362,0.6545064377682404,0.6734234234234234,0.6142578125,0.62726643642581,0.6268795725042886
recall,0.5909090909090909,0.656084656084656,0.6729857819905213,0.5051020408163265,0.41134751773049644,0.6163682864450127,0.5552941176470588,0.7047146401985112,0.7193396226415094,0.7119047619047619,0.6142578125,0.6144050516367946,0.6142578125
f1-score,0.6508563899868248,0.7045454545454546,0.5419847328244275,0.5358592692828146,0.4929178470254957,0.5800240673886883,0.6066838046272494,0.6506300114547537,0.6853932584269663,0.6921296296296297,0.6142578125,0.6141024465192305,0.6137182375206379
support,418.0,378.0,422.0,392.0,423.0,391.0,425.0,403.0,424.0,420.0,0.6142578125,4096.0,4096.0
