,0,1,2,3,4,5,6,7,8,9,accuracy,macro avg,weighted avg
precision,0.13875386654882899,0.0,0.09449760765550239,0.2,0.03225806451612903,0.15714285714285714,0.0,0.0,0.10274963820549927,0.18781725888324874,0.12548828125,0.09132192929520656,0.09153341287334521
recall,0.7621359223300971,0.0,0.17995444191343962,0.0024271844660194173,0.002380952380952381,0.02806122448979592,0.0,0.0,0.1748768472906404,0.09024390243902439,0.12548828125,0.12400804753099692,0.12548828125
f1-score,0.23476635514018693,0.0,0.12392156862745099,0.004796163069544364,0.004434589800443459,0.047619047619047616,0.0,0.0,0.12944393801276208,0.12191103789126856,0.12548828125,0.0666892700160704,0.06742389767610221
support,412.0,384.0,439.0,412.0,420.0,392.0,424.0,397.0,406.0,410.0,0.12548828125,4096.0,4096.0
