,alpha,start,convergence time,final guess
0,0.1,1.0,66,0.13379629115760108
1,0.03,1.0,97,0.20146846304616808
2,0.5,1.0,101,1.0
3,0.25,1.0,3,0.0
4,0.7812499999899999,0.8,47,0.06734608265237314
5,0.8,0.7,33,-0.06609857197723801
