,0,1,2,3,4,5,6,7,8,9,accuracy,macro avg,weighted avg
precision,0.1347708894878706,0.0,0.12844036697247707,0.1694915254237288,0.24,0.1694915254237288,0.23076923076923078,0.0,0.17877906976744187,0.2656826568265683,0.17138671875,0.15174252646710462,0.15381381781870376
recall,0.6188118811881188,0.0,0.09767441860465116,0.07352941176470588,0.014319809069212411,0.04938271604938271,0.03571428571428571,0.0,0.29927007299270075,0.5142857142857142,0.17138671875,0.17029883096687717,0.17138671875
f1-score,0.2213368747233289,0.0,0.11096433289299869,0.10256410256410256,0.02702702702702703,0.07648183556405352,0.061855670103092786,0.0,0.22383985441310283,0.3503649635036497,0.17138671875,0.11744346607913561,0.1187527413048709
support,404.0,370.0,430.0,408.0,419.0,405.0,420.0,409.0,411.0,420.0,0.17138671875,4096.0,4096.0
