,mse on time dual lasso,mse on day dual lasso,mse on time baseline,mse on day baseline
0,690.0892908570562,44367.40304859523,1289.4778875426764,45734.76618979666
1,708.9033049258056,85284.53527183898,1017.7932311462683,68065.2902885612
2,555.5154324329682,35071.590433755424,1062.974319930289,35723.21793058949
3,657.8984611115326,33824.96636794784,1114.0816394023802,25523.375653410065
4,1339.6594807533456,95946.37144211646,1583.562215224718,94211.29850932123
