,mse on time dual lasso,mse on day dual lasso,mse on time baseline,mse on day baseline
0,696.704114003024,44421.13265517948,1289.4778875426764,45734.76618979666
1,709.307332464827,85301.68146911917,1017.7932311462683,68065.2902885612
2,560.6810227775729,35061.925996978054,1062.974319930289,35723.21793058949
3,662.5306508618836,33792.17178391145,1114.0816394023802,25523.375653410065
4,1338.2621818929772,97369.29639549405,1583.562215224718,94211.29850932123
