,mse on time dual lasso,mse on time baseline,mse on day dual lasso,mse on day baseline,mse on week dual lasso,mse on week baseline,mse on month dual lasso,mse on month baseline
0,690.0892908570562,1289.4778875426764,44367.40304859523,45734.76618979666,1205429.402367708,1136051.4895148948,18475851.91321229,17356254.366742067
1,708.9033049258056,1017.7932311462683,85284.53527183898,68065.2902885612,2265511.9538779072,1631940.573960239,21348035.489401273,12161182.170347186
2,555.5154324329682,1062.974319930289,30100.813836845206,30660.08468058468,383783.81546016084,377806.8004138615,1090217.8149511297,1014386.7600326246
3,657.8984611115326,1114.0816394023802,33824.96636794784,25523.375653410065,803164.0249022532,507291.4913975296,10006909.73739991,5232140.184121082
4,1339.6594807533456,1583.562215224718,79615.07417537324,78175.33280560697,1191940.2680301117,1119299.0926617866,7829841.142334771,8212154.806025763
