,0,1,2,3,4,5,6,7,8,9,accuracy,macro avg,weighted avg
precision,0.8414918414918415,0.9426229508196722,0.8310626702997275,0.7192575406032483,0.7439293598233996,0.7648351648351648,0.827906976744186,0.9154929577464789,0.9661971830985916,0.8703296703296703,0.83642578125,0.8423126315791981,0.842396321008937
recall,0.8636363636363636,0.9126984126984127,0.7227488151658767,0.7908163265306123,0.7966903073286052,0.8900255754475703,0.8376470588235294,0.8064516129032258,0.8089622641509434,0.9428571428571428,0.83642578125,0.8372533879542281,0.83642578125
f1-score,0.8524203069657615,0.9274193548387096,0.7731305449936627,0.7533414337788579,0.7694063926940641,0.822695035460993,0.8327485380116958,0.8575197889182059,0.8806161745827984,0.9051428571428571,0.83642578125,0.8374440427387606,0.8370653469375756
support,418.0,378.0,422.0,392.0,423.0,391.0,425.0,403.0,424.0,420.0,0.83642578125,4096.0,4096.0
