training-samples,training-time
10000,6.704556465148926
1000,3.215914011001587
20000,10.53596544265747
40000,18.53752613067627
50000,22.385833978652954
5000,4.740902662277222
