{"results": {"best_params": [126.9327048974759, 0.11395046644931708, 0.43439073405393064, 0.37356653138218315, 18.65754377069446], "best_cost": 2.3730733394622803}, "stats": {"it_best_costs": [9558.7255859375, 4.240817546844482, 4.240817546844482, 2.3770151138305664, 2.3770151138305664, 2.3770151138305664, 2.3770151138305664, 2.3770151138305664, 2.3770151138305664, 2.3770151138305664, 2.3770151138305664, 2.3770151138305664, 2.3770151138305664, 2.3770151138305664, 2.3770151138305664, 2.37331485748291, 2.37331485748291, 2.37331485748291, 2.37331485748291, 2.37331485748291, 2.37331485748291, 2.37331485748291, 2.37331485748291, 2.37331485748291, 2.37331485748291, 2.37331485748291, 2.37331485748291, 2.37331485748291, 2.37331485748291, 2.37331485748291, 2.37331485748291, 2.37331485748291, 2.37331485748291, 2.37331485748291, 2.37331485748291, 2.37331485748291, 2.37331485748291, 2.37331485748291, 2.37331485748291, 2.37331485748291, 2.37331485748291, 2.37331485748291, 2.37331485748291, 2.37331485748291, 2.37331485748291, 2.37331485748291, 2.37331485748291, 2.37331485748291, 2.37331485748291, 2.37331485748291, 2.37331485748291, 2.37331485748291, 2.37331485748291, 2.37331485748291, 2.37331485748291, 2.37331485748291, 2.37331485748291, 2.37331485748291, 2.37331485748291, 2.37331485748291, 2.37331485748291, 2.37331485748291, 2.37331485748291, 2.37331485748291, 2.37331485748291, 2.37331485748291, 2.37331485748291, 2.37331485748291, 2.37331485748291, 2.37331485748291, 2.37331485748291, 2.37331485748291, 2.37331485748291, 2.37331485748291, 2.37331485748291, 2.37331485748291, 2.37331485748291, 2.37331485748291, 2.37331485748291, 2.37331485748291, 2.37331485748291, 2.37331485748291, 2.37331485748291, 2.37331485748291, 2.37331485748291, 2.37331485748291, 2.37331485748291, 2.37331485748291, 2.37331485748291, 2.37331485748291, 2.37331485748291, 2.37331485748291, 2.37331485748291, 2.37331485748291, 2.37331485748291, 2.37331485748291, 2.37331485748291, 2.37331485748291, 2.37331485748291, 2.3730733394622803], "time": [3.540426731109619, 8.489421367645264, 13.961566925048828, 17.90682363510132, 19.99383807182312, 24.71827244758606, 29.288166761398315, 31.4470956325531, 34.175445556640625, 36.36521005630493, 38.555290937423706, 43.95472836494446, 50.65228343009949, 57.977190017700195, 65.11155533790588, 69.73545026779175, 81.75238728523254, 85.68863725662231, 89.79216122627258, 94.88176798820496, 98.70515418052673, 103.80537724494934, 107.55518221855164, 112.71927404403687, 116.55225348472595, 121.53357648849487, 127.07924103736877, 132.59235453605652, 138.2906653881073, 144.46465301513672, 154.7847101688385, 161.5532922744751, 168.44364762306213, 173.24559473991394, 178.42080688476562, 183.50439357757568, 190.05185985565186, 194.1910684108734, 198.63088846206665, 203.60850358009338, 208.09166169166565, 212.58757543563843, 217.45664858818054, 222.74509191513062, 227.16607284545898, 231.82478666305542, 236.78763461112976, 241.19087862968445, 245.58423018455505, 250.92937684059143, 256.457186460495, 261.9625813961029, 266.7424876689911, 272.0065743923187, 277.32335448265076, 281.6918649673462, 286.036452293396, 290.6689131259918, 295.33890676498413, 300.8319253921509, 305.5683913230896, 310.2964689731598, 314.7946276664734, 319.5100450515747, 324.5196030139923, 329.37330627441406, 334.0702221393585, 338.5061948299408, 343.1319942474365, 347.66718077659607, 352.0324878692627, 356.62101554870605, 361.6156282424927, 366.3223600387573, 370.8758010864258, 375.3720238208771, 379.76694083213806, 384.61640334129333, 389.2324056625366, 393.8238866329193, 398.51027035713196, 403.0288999080658, 407.4703674316406, 416.7728250026703, 423.3974211215973, 429.51836252212524, 433.78031277656555, 437.91195249557495, 442.04486989974976, 446.12926292419434, 450.5669391155243, 455.07947516441345, 459.53763484954834, 463.9863283634186, 468.46378231048584, 473.0461757183075, 477.65999817848206, 482.23958587646484, 487.3164772987366, 491.9423563480377]}, "iteration_results": {"M": 5, "best_m_params": [[126.9327048974759, 0.11395046644931708, 0.43439073405393064, 0.37356653138218315, 18.65754377069446], [103.1045468063215, 0.11048491530489311, 0.4296714329061063, 0.37353875205407544, 18.168950694278642], [88.36944437710301, 0.10801894387156447, 0.43041297887719093, 0.40190761739029707, 18.004293662125033], [95.60077051262952, 0.10706758935356685, 0.43135914079743576, 0.3528231062012831, 18.3168164420508], [93.68970452732276, 0.10879515025573402, 0.4399481543544377, 0.36063247284231287, 18.746518474064832]], "best_m_costs": [2.3730733394622803, 2.37345814704895, 2.3738510608673096, 2.3741416931152344, 2.3743534088134766], "best_params": [126.9327048974759, 0.11395046644931708, 0.43439073405393064, 0.37356653138218315, 18.65754377069446], "best_cost": 2.3730733394622803}}