{"results": {"best_params": [116.53252914918278, 1.6083265071574349, 0.3400304117877436, 0.32046203460906486, 29.290667374287825], "best_cost": 3.8383989334106445}, "stats": {"it_best_costs": [3.8383989334106445], "time": [5.759703636169434]}, "iteration_results": {"M": 1, "best_m": 