{"results": {"best_params": [362.72828113092663, 2.442452182702306, 0.06381516432168921, 0.3791977048335976, 31.39778979177725], "best_cost": 5.127446174621582}, "stats": {"it_best_costs": [5.127446174621582], "time": [5.997331857681274]}, "iteration_results": {"M": 1, "best_m_params": [[362.72828113092663, 2.442452182702306, 0.06381516432168921, 0.3791977048335976, 31.39778979177725]], "best_m_costs": [5.127446174621582], "best_params": [362.72828113092663, 2.442452182702306, 0.06381516432168921, 0.3791977048335976, 31.39778979177725], "best_cost": 5.127446174621582}}