{"results": {"best_params": [96.4315525022134, 4.441207774139108, 0.2978674215396995, 0.8820344016514149, 32.24262179081629], "best_cost": 10.298072814941406}, "stats": {"it_best_costs": [10.298072814941406], "time": [6.310509204864502]}}