{"results": {"results": {"best_params": [465.7088374966854, 0.2770545787539969, 0.08859465499884212, 0.6411876593090211, 9.429857165848796], "best_cost": 3.071420669555664}, "stats": {"it_best_costs": [187599323136.0, 187599323136.0, 11.56668472290039, 11.56668472290039, 11.56668472290039, 11.56668472290039, 5.969328880310059, 3.071420669555664, 3.071420669555664, 3.071420669555664, 3.071420669555664, 3.071420669555664, 3.071420669555664, 3.071420669555664, 3.071420669555664, 3.071420669555664, 3.071420669555664, 3.071420669555664, 3.071420669555664, 3.071420669555664, 3.071420669555664, 3.071420669555664, 3.071420669555664, 3.071420669555664, 3.071420669555664, 3.071420669555664, 3.071420669555664, 3.071420669555664, 3.071420669555664, 3.071420669555664], "it_best_params": [[499.71658668487567, 0.23306469791226356, 0.9745017106555698, 0.20500684013121218, 39.499798609222445], [499.71658668487567, 0.23306469791226356, 0.9745017106555698, 0.20500684013121218, 39.499798609222445], [242.55362070732747, 3.437768769551038, 0.4696847610212391, 0.6963887782943079, 39.38049053720905], [242.55362070732747, 3.437768769551038, 0.4696847610212391, 0.6963887782943079, 39.38049053720905], [242.55362070732747, 3.437768769551038, 0.4696847610212391, 0.6963887782943079, 39.38049053720905], [242.55362070732747, 3.437768769551038, 0.4696847610212391, 0.6963887782943079, 39.38049053720905], [126.98111432780394, 1.463899334038912, 0.27714070162816673, 0.3800678985720347, 29.751395573514237], [465.7088374966854, 0.2770545787539969, 0.08859465499884212, 0.6411876593090211, 9.429857165848796], [465.7088374966854, 0.2770545787539969, 0.08859465499884212, 0.6411876593090211, 9.429857165848796], [465.7088374966854, 0.2770545787539969, 0.08859465499884212, 0.6411876593090211, 9.429857165848796], [465.7088374966854, 0.2770545787539969, 0.08859465499884212, 0.6411876593090211, 9.429857165848796], [465.7088374966854, 0.2770545787539969, 0.08859465499884212, 0.6411876593090211, 9.429857165848796], [465.7088374966854, 0.2770545787539969, 0.08859465499884212, 0.6411876593090211, 9.429857165848796], [465.7088374966854, 0.2770545787539969, 0.08859465499884212, 0.6411876593090211, 9.429857165848796], [465.7088374966854, 0.2770545787539969, 0.08859465499884212, 0.6411876593090211, 9.429857165848796], [465.7088374966854, 0.2770545787539969, 0.08859465499884212, 0.6411876593090211, 9.429857165848796], [465.7088374966854, 0.2770545787539969, 0.08859465499884212, 0.6411876593090211, 9.429857165848796], [465.7088374966854, 0.2770545787539969, 0.08859465499884212, 0.6411876593090211, 9.429857165848796], [465.7088374966854, 0.2770545787539969, 0.08859465499884212, 0.6411876593090211, 9.429857165848796], [465.7088374966854, 0.2770545787539969, 0.08859465499884212, 0.6411876593090211, 9.429857165848796], [465.7088374966854, 0.2770545787539969, 0.08859465499884212, 0.6411876593090211, 9.429857165848796], [465.7088374966854, 0.2770545787539969, 0.08859465499884212, 0.6411876593090211, 9.429857165848796], [465.7088374966854, 0.2770545787539969, 0.08859465499884212, 0.6411876593090211, 9.429857165848796], [465.7088374966854, 0.2770545787539969, 0.08859465499884212, 0.6411876593090211, 9.429857165848796], [465.7088374966854, 0.2770545787539969, 0.08859465499884212, 0.6411876593090211, 9.429857165848796], [465.7088374966854, 0.2770545787539969, 0.08859465499884212, 0.6411876593090211, 9.429857165848796], [465.7088374966854, 0.2770545787539969, 0.08859465499884212, 0.6411876593090211, 9.429857165848796], [465.7088374966854, 0.2770545787539969, 0.08859465499884212, 0.6411876593090211, 9.429857165848796], [465.7088374966854, 0.2770545787539969, 0.08859465499884212, 0.6411876593090211, 9.429857165848796], [465.7088374966854, 0.2770545787539969, 0.08859465499884212, 0.6411876593090211, 9.429857165848796]], "time": [8.110906158995931, 13.929067278993898, 21.920406614997773, 25.72049097099807, 31.78902036100044, 35.37667226699705, 42.08416673800093, 45.70298220499535, 52.343828144003055, 55.556245750995004, 58.811495578003814, 62.85863098400296, 69.61212882699328, 83.162478061, 90.96846021700185, 96.30075417499756, 101.02333454000473, 109.38088380500267, 115.77487495700188, 122.51175896699715, 129.90947923599742, 140.02794314699713, 145.46755920400028, 151.4350015730015, 159.09100091899745, 162.64657697700022, 169.58532762300456, 174.20634547699592, 181.9629239210044, 185.71038423199207]}}, "param-limits": [{"min": 1, "max": 500}, {"min": 1e-10, "max": 5}, {"min": 0, "max": 1}, {"min": 0, "max": 1}, {"min": 1, "max": 40}], "args": {"M": -1, "N": 10, "n": 500, "iterations": 3}, "name": null}