{
  "best_params": [
    913.957430854217,
    0.0015701252586464568,
    0.6575874719325618,
    0.932720394784433,
    81.32088463431727
  ],
  "best_cost": 1.8064099550247192
}
