{"results": {"results": {"best_params": [913.957430854217, 0.0015701252586464568, 0.6575874719325618, 0.932720394784433, 81.32088463431727], "best_cost": 1.8064099550247192}, "stats": {"it_best_costs": [2.483933925628662, 2.102644681930542, 2.102644681930542, 1.855902910232544, 1.855902910232544, 1.855902910232544, 1.855902910232544, 1.855902910232544, 1.855902910232544, 1.855902910232544, 1.855902910232544, 1.855902910232544, 1.855902910232544, 1.855902910232544, 1.855902910232544, 1.855902910232544, 1.855902910232544, 1.855902910232544, 1.855902910232544, 1.855902910232544, 1.855902910232544, 1.855902910232544, 1.855902910232544, 1.855902910232544, 1.855902910232544, 1.855902910232544, 1.855902910232544, 1.855902910232544, 1.855902910232544, 1.855902910232544, 1.855902910232544, 1.855902910232544, 1.855902910232544, 1.855902910232544, 1.8524466753005981, 1.8524466753005981, 1.8524466753005981, 1.8524466753005981, 1.8524466753005981, 1.8524466753005981, 1.8524466753005981, 1.8524466753005981, 1.8524466753005981, 1.8524466753005981, 1.8524466753005981, 1.8524466753005981, 1.8117859363555908, 1.8117859363555908, 1.8117859363555908, 1.8117859363555908, 1.8117859363555908, 1.8117859363555908, 1.8117859363555908, 1.8117859363555908, 1.8117859363555908, 1.8117859363555908, 1.8117859363555908, 1.8117859363555908, 1.8117859363555908, 1.8117859363555908, 1.8117859363555908, 1.8117859363555908, 1.8117859363555908, 1.8117859363555908, 1.8117859363555908, 1.8064099550247192, 1.8064099550247192, 1.8064099550247192, 1.8064099550247192, 1.8064099550247192, 1.8064099550247192, 1.8064099550247192, 1.8064099550247192, 1.8064099550247192, 1.8064099550247192, 1.8064099550247192, 1.8064099550247192, 1.8064099550247192, 1.8064099550247192, 1.8064099550247192, 1.8064099550247192, 1.8064099550247192, 1.8064099550247192, 1.8064099550247192, 1.8064099550247192, 1.8064099550247192, 1.8064099550247192, 1.8064099550247192, 1.8064099550247192, 1.8064099550247192, 1.8064099550247192, 1.8064099550247192, 1.8064099550247192, 1.8064099550247192, 1.8064099550247192, 1.8064099550247192, 1.8064099550247192, 1.8064099550247192, 1.8064099550247192], "it_best_params": [[940.3075250477366, 0.005986611229442814, 0.5733234701078029, 0.5523162526677899, 41.82432890850707], [613.5722292164376, 0.0032508708300966814, 0.6232713432575439, 0.5483864395814018, 54.121070738186454], [613.5722292164376, 0.0032508708300966814, 0.6232713432575439, 0.5483864395814018, 54.121070738186454], [25.470193499066422, 0.0006484884006502247, 0.534286647420511, 0.7180822718789626, 26.032666794954366], [25.470193499066422, 0.0006484884006502247, 0.534286647420511, 0.7180822718789626, 26.032666794954366], [25.470193499066422, 0.0006484884006502247, 0.534286647420511, 0.7180822718789626, 26.032666794954366], [25.470193499066422, 0.0006484884006502247, 0.534286647420511, 0.7180822718789626, 26.032666794954366], [25.470193499066422, 0.0006484884006502247, 0.534286647420511, 0.7180822718789626, 26.032666794954366], [25.470193499066422, 0.0006484884006502247, 0.534286647420511, 0.7180822718789626, 26.032666794954366], [25.470193499066422, 0.0006484884006502247, 0.534286647420511, 0.7180822718789626, 26.032666794954366], [25.470193499066422, 0.0006484884006502247, 0.534286647420511, 0.7180822718789626, 26.032666794954366], [25.470193499066422, 0.0006484884006502247, 0.534286647420511, 0.7180822718789626, 26.032666794954366], [25.470193499066422, 0.0006484884006502247, 0.534286647420511, 0.7180822718789626, 26.032666794954366], [25.470193499066422, 0.0006484884006502247, 0.534286647420511, 0.7180822718789626, 26.032666794954366], [25.470193499066422, 0.0006484884006502247, 0.534286647420511, 0.7180822718789626, 26.032666794954366], [25.470193499066422, 0.0006484884006502247, 0.534286647420511, 0.7180822718789626, 26.032666794954366], [25.470193499066422, 0.0006484884006502247, 0.534286647420511, 0.7180822718789626, 26.032666794954366], [25.470193499066422, 0.0006484884006502247, 0.534286647420511, 0.7180822718789626, 26.032666794954366], [25.470193499066422, 0.0006484884006502247, 0.534286647420511, 0.7180822718789626, 26.032666794954366], [25.470193499066422, 0.0006484884006502247, 0.534286647420511, 0.7180822718789626, 26.032666794954366], [25.470193499066422, 0.0006484884006502247, 0.534286647420511, 0.7180822718789626, 26.032666794954366], [25.470193499066422, 0.0006484884006502247, 0.534286647420511, 0.7180822718789626, 26.032666794954366], [25.470193499066422, 0.0006484884006502247, 0.534286647420511, 0.7180822718789626, 26.032666794954366], [25.470193499066422, 0.0006484884006502247, 0.534286647420511, 0.7180822718789626, 26.032666794954366], [25.470193499066422, 0.0006484884006502247, 0.534286647420511, 0.7180822718789626, 26.032666794954366], [25.470193499066422, 0.0006484884006502247, 0.534286647420511, 0.7180822718789626, 26.032666794954366], [25.470193499066422, 0.0006484884006502247, 0.534286647420511, 0.7180822718789626, 26.032666794954366], [25.470193499066422, 0.0006484884006502247, 0.534286647420511, 0.7180822718789626, 26.032666794954366], [25.470193499066422, 0.0006484884006502247, 0.534286647420511, 0.7180822718789626, 26.032666794954366], [25.470193499066422, 0.0006484884006502247, 0.534286647420511, 0.7180822718789626, 26.032666794954366], [25.470193499066422, 0.0006484884006502247, 0.534286647420511, 0.7180822718789626, 26.032666794954366], [25.470193499066422, 0.0006484884006502247, 0.534286647420511, 0.7180822718789626, 26.032666794954366], [25.470193499066422, 0.0006484884006502247, 0.534286647420511, 0.7180822718789626, 26.032666794954366], [25.470193499066422, 0.0006484884006502247, 0.534286647420511, 0.7180822718789626, 26.032666794954366], [853.5011865640669, 0.004739782425375683, 0.8808619268735058, 0.8487295888402459, 30.054927400229065], [853.5011865640669, 0.004739782425375683, 0.8808619268735058, 0.8487295888402459, 30.054927400229065], [853.5011865640669, 0.004739782425375683, 0.8808619268735058, 0.8487295888402459, 30.054927400229065], [853.5011865640669, 0.004739782425375683, 0.8808619268735058, 0.8487295888402459, 30.054927400229065], [853.5011865640669, 0.004739782425375683, 0.8808619268735058, 0.8487295888402459, 30.054927400229065], [853.5011865640669, 0.004739782425375683, 0.8808619268735058, 0.8487295888402459, 30.054927400229065], [853.5011865640669, 0.004739782425375683, 0.8808619268735058, 0.8487295888402459, 30.054927400229065], [853.5011865640669, 0.004739782425375683, 0.8808619268735058, 0.8487295888402459, 30.054927400229065], [853.5011865640669, 0.004739782425375683, 0.8808619268735058, 0.8487295888402459, 30.054927400229065], [853.5011865640669, 0.004739782425375683, 0.8808619268735058, 0.8487295888402459, 30.054927400229065], [853.5011865640669, 0.004739782425375683, 0.8808619268735058, 0.8487295888402459, 30.054927400229065], [853.5011865640669, 0.004739782425375683, 0.8808619268735058, 0.8487295888402459, 30.054927400229065], [788.6961434278256, 0.00041519938337307254, 0.7459548205630281, 0.5047538698047151, 90.23898424758242], [788.6961434278256, 0.00041519938337307254, 0.7459548205630281, 0.5047538698047151, 90.23898424758242], [788.6961434278256, 0.00041519938337307254, 0.7459548205630281, 0.5047538698047151, 90.23898424758242], [788.6961434278256, 0.00041519938337307254, 0.7459548205630281, 0.5047538698047151, 90.23898424758242], [788.6961434278256, 0.00041519938337307254, 0.7459548205630281, 0.5047538698047151, 90.23898424758242], [788.6961434278256, 0.00041519938337307254, 0.7459548205630281, 0.5047538698047151, 90.23898424758242], [788.6961434278256, 0.00041519938337307254, 0.7459548205630281, 0.5047538698047151, 90.23898424758242], [788.6961434278256, 0.00041519938337307254, 0.7459548205630281, 0.5047538698047151, 90.23898424758242], [788.6961434278256, 0.00041519938337307254, 0.7459548205630281, 0.5047538698047151, 90.23898424758242], [788.6961434278256, 0.00041519938337307254, 0.7459548205630281, 0.5047538698047151, 90.23898424758242], [788.6961434278256, 