{"results": {"results": {"best_params": [382.3978311884757, 0.0377945364996492, 0.6577491785100384, 0.4586298005518127, 15.802561807586036], "best_cost": 2.4355695247650146}, "stats": {"it_best_costs": [7.447479724884033, 7.447479724884033, 7.447479724884033, 4.533411502838135, 4.533411502838135, 4.533411502838135, 4.533411502838135, 2.9285635948181152, 2.9285635948181152, 2.9285635948181152, 2.9285635948181152, 2.9285635948181152, 2.9285635948181152, 2.9285635948181152, 2.9285635948181152, 2.9285635948181152, 2.4355695247650146, 2.4355695247650146, 2.4355695247650146, 2.4355695247650146, 2.4355695247650146, 2.4355695247650146, 2.4355695247650146, 2.4355695247650146, 2.4355695247650146, 2.4355695247650146, 2.4355695247650146, 2.4355695247650146, 2.4355695247650146, 2.4355695247650146, 2.4355695247650146, 2.4355695247650146, 2.4355695247650146, 2.4355695247650146, 2.4355695247650146, 2.4355695247650146, 2.4355695247650146, 2.4355695247650146, 2.4355695247650146, 2.4355695247650146, 2.4355695247650146, 2.4355695247650146, 2.4355695247650146, 2.4355695247650146, 2.4355695247650146, 2.4355695247650146, 2.4355695247650146, 2.4355695247650146, 2.4355695247650146, 2.4355695247650146, 2.4355695247650146, 2.4355695247650146, 2.4355695247650146, 2.4355695247650146, 2.4355695247650146, 2.4355695247650146, 2.4355695247650146, 2.4355695247650146, 2.4355695247650146, 2.4355695247650146], "it_best_params": [[393.6907546500385, 1.9080875119423883, 0.18402146581555323, 0.5002118873526574, 6.648974256883599], [393.6907546500385, 1.9080875119423883, 0.18402146581555323, 0.5002118873526574, 6.648974256883599], [393.6907546500385, 1.9080875119423883, 0.18402146581555323, 0.5002118873526574, 6.648974256883599], [180.82065762146806, 0.6192587510828605, 0.17040952266987575, 0.6284309992150009, 29.96287938348655], [180.82065762146806, 0.6192587510828605, 0.17040952266987575, 0.6284309992150009, 29.96287938348655], [180.82065762146806, 0.6192587510828605, 0.17040952266987575, 0.6284309992150009, 29.96287938348655], [180.82065762146806, 0.6192587510828605, 0.17040952266987575, 0.6284309992150009, 29.96287938348655], [163.29835470914708, 0.09416046218661626, 0.11748903196867932, 0.5761423873794789, 26.077609823241378], [163.29835470914708, 0.09416046218661626, 0.11748903196867932, 0.5761423873794789, 26.077609823241378], [163.29835470914708, 0.09416046218661626, 0.11748903196867932, 0.5761423873794789, 26.077609823241378], [163.29835470914708, 0.09416046218661626, 0.11748903196867932, 0.5761423873794789, 26.077609823241378], [163.29835470914708, 0.09416046218661626, 0.11748903196867932, 0.5761423873794789, 26.077609823241378], [163.29835470914708, 0.09416046218661626, 0.11748903196867932, 0.5761423873794789, 26.077609823241378], [163.29835470914708, 0.09416046218661626, 0.11748903196867932, 0.5761423873794789, 26.077609823241378], [163.29835470914708, 0.09416046218661626, 0.11748903196867932, 0.5761423873794789, 26.077609823241378], [163.29835470914708, 0.09416046218661626, 0.11748903196867932, 0.5761423873794789, 26.077609823241378], [382.3978311884757, 0.0377945364996492, 0.6577491785100384, 0.4586298005518127, 15.802561807586036], [382.3978311884757, 0.0377945364996492, 0.6577491785100384, 0.4586298005518127, 15.802561807586036], [382.3978311884757, 0.0377945364996492, 0.6577491785100384, 0.4586298005518127, 15.802561807586036], [382.3978311884757, 0.0377945364996492, 0.6577491785100384, 0.4586298005518127, 15.802561807586036], [382.3978311884757, 0.0377945364996492, 0.6577491785100384, 0.4586298005518127, 15.802561807586036], [382.3978311884757, 0.0377945364996492, 0.6577491785100384, 0.4586298005518127, 15.802561807586036], [382.3978311884757, 0.0377945364996492, 0.6577491785100384, 0.4586298005518127, 15.802561807586036], [382.3978311884757, 0.0377945364996492, 0.6577491785100384, 0.4586298005518127, 15.802561807586036], [382.3978311884757, 0.0377945364996492, 0.6577491785100384, 0.4586298005518127, 15.802561807586036], [382.3978311884757, 0.0377945364996492, 0.6577491785100384, 0.4586298005518127, 15.802561807586036], [382.3978311884757, 0.0377945364996492, 0.6577491785100384, 0.4586298005518127, 15.802561807586036], [382.3978311884757, 0.0377945364996492, 0.6577491785100384, 0.4586298005518127, 15.802561807586036], [382.3978311884757, 0.0377945364996492, 0.6577491785100384, 0.4586298005518127, 15.802561807586036], [382.3978311884757, 0.0377945364996492, 0.6577491785100384, 0.4586298005518127, 15.802561807586036], [382.3978311884757, 0.0377945364996492, 0.6577491785100384, 0.4586298005518127, 15.802561807586036], [382.3978311884757, 0.0377945364996492, 0.6577491785100384, 0.4586298005518127, 15.802561807586036], [382.3978311884757, 0.0377945364996492, 0.6577491785100384, 0.4586298005518127, 15.802561807586036], [382.3978311884757, 0.0377945364996492, 0.6577491785100384, 0.4586298005518127, 15.802561807586036], [382.3978311884757, 0.0377945364996492, 0.6577491785100384, 0.4586298005518127, 15.802561807586036], [382.3978311884757, 0.0377945364996492, 0.6577491785100384, 0.4586298005518127, 15.802561807586036], [382.3978311884757, 0.0377945364996492, 0.6577491785100384, 0.4586298005518127, 15.802561807586036], [382.3978311884757, 0.0377945364996492, 0.6577491785100384, 0.4586298005518127, 15.802561807586036], [382.3978311884757, 0.0377945364996492, 0.6577491785100384, 0.4586298005518127, 15.802561807586036], [382.3978311884757, 0.0377945364996492, 0.6577491785100384, 0.4586298005518127, 15.802561807586036], [382.3978311884757, 0.0377945364996492, 0.6577491785100384, 0.4586298005518127, 15.802561807586036], [382.3978311884757, 0.0377945364996492, 0.6577491785100384, 0.4586298005518127, 15.802561807586036], [382.3978311884757, 0.0377945364996492, 0.6577491785100384, 0.4586298005518127, 15.802561807586036], [382.3978311884757, 0.0377945364996492, 0.6577491785100384, 0.4586298005518127, 15.802561807586036], [382.3978311884757, 0.0377945364996492, 0.6577491785100384, 0.4586298005518127, 15.802561807586036], [382.3978311884757, 0.0377945364996492, 0.6577491785100384, 0.4586298005518127, 15.802561807586036], [382.3978311884757, 0.0377945364996492, 0.6577491785100384, 0.4586298005518127, 15.802561807586036], [382.3978311884757, 0.0377945364996492, 0.6577491785100384, 0.4586298005518127, 15.802561807586036], [382.3978311884757, 0.0377945364996492, 0.6577491785100384, 0.4586298005518127, 15.802561807586036], [382.3978311884757, 0.0377945364996492, 0.6577491785100384, 0.4586298005518127, 15.802561807586036], [382.3978311884757, 0.0377945364996492, 0.6577491785100384, 0.4586298005518127, 15.802561807586036], [382.3978311884757, 0.0377945364996492, 0.6577491785100384, 0.4586298005518127, 15.802561807586036], [382.3978311884757, 0.0377945364996492, 0.6577491785100384, 0.4586298005518127, 15.802561807586036], [382.3978311884757, 0.0377945364996492, 0.6577491785100384, 0.4586298005518127, 15.802561807586036], [382.3978311884757, 0.0377945364996492, 0.6577491785100384, 0.4586298005518127, 15.802561807586036], [382.3978311884757, 0.0377945364996492, 0.6577491785100384, 0.4586298005518127, 15.802561807586036], [382.3978311884757, 0.0377945364996492, 0.6577491785100384, 0.4586298005518127, 15.802561807586036], [382.3978311884757, 0.0377945364996492, 0.6577491785100384, 0.4586298005518127, 15.802561807586036], [382.3978311884757, 0.0377945364996492, 0.6577491785100384, 0.4586298005518127, 15.802561807586036], [382.3978311884757, 0.0377945364996492, 0.6577491785100384, 0.4586298005518127, 15.802561807586036]],