{"results": {"results": {"best_params": [3073.2104209603813, 0.23989628615292577, 0.2692505173637314, 0.6935226567613058, 18.542970427808662], "best_cost": 2.944965362548828}, "stats": {"it_best_costs": [8.837054252624512, 8.837054252624512, 8.837054252624512, 8.837054252624512, 7.67128849029541, 7.67128849029541, 2.9499621391296387, 2.9499621391296387, 2.9499621391296387, 2.9499621391296387, 2.9499621391296387, 2.9499621391296387, 2.9499621391296387, 2.9499621391296387, 2.9499621391296387, 2.9499621391296387, 2.9499621391296387, 2.9499621391296387, 2.9499621391296387, 2.9499621391296387, 2.9499621391296387, 2.9499621391296387, 2.9499621391296387, 2.9499621391296387, 2.9499621391296387, 2.9499621391296387, 2.9499621391296387, 2.9499621391296387, 2.9499621391296387, 2.9499621391296387, 2.9499621391296387, 2.9499621391296387, 2.9499621391296387, 2.9499621391296387, 2.9499621391296387, 2.9499621391296387, 2.9499621391296387, 2.9499621391296387, 2.9499621391296387, 2.9499621391296387, 2.9499621391296387, 2.9499621391296387, 2.9499621391296387, 2.9499621391296387, 2.9499621391296387, 2.9499621391296387, 2.9499621391296387, 2.9499621391296387, 2.9499621391296387, 2.9499621391296387, 2.9499621391296387, 2.9499621391296387, 2.9499621391296387, 2.9499621391296387, 2.9499621391296387, 2.9499621391296387, 2.9499621391296387, 2.9499621391296387, 2.9499621391296387, 2.944965362548828], "it_best_params": [[4098.569814966691, 2.5446316943167075, 0.07498814814067245, 0.4573713408192952, 15.51815931156695], [4098.569814966691, 2.5446316943167075, 0.07498814814067245, 0.4573713408192952, 15.51815931156695], [4098.569814966691, 2.5446316943167075, 0.07498814814067245, 0.4573713408192952, 15.51815931156695], [4098.569814966691, 2.5446316943167075, 0.07498814814067245, 0.4573713408192952, 15.51815931156695], [2396.2551508535103, 2.212342756567445, 0.04715047429683383, 0.7369004216915379, 17.91684411672156], [2396.2551508535103, 2.212342756567445, 0.04715047429683383, 0.7369004216915379, 17.91684411672156], [3962.9589901295503, 0.16445717745008182, 0.5138208429672053, 0.553792032915249, 17.003330719052148], [3962.9589901295503, 0.16445717745008182, 0.5138208429672053, 0.553792032915249, 17.003330719052148], [3962.9589901295503, 0.16445717745008182, 0.5138208429672053, 0.553792032915249, 17.003330719052148], [3962.9589901295503, 0.16445717745008182, 0.5138208429672053, 0.553792032915249, 17.003330719052148], [3962.9589901295503, 0.16445717745008182, 0.5138208429672053, 0.553792032915249, 17.003330719052148], [3962.9589901295503, 0.16445717745008182, 0.5138208429672053, 0.553792032915249, 17.003330719052148], [3962.9589901295503, 0.16445717745008182, 0.5138208429672053, 0.553792032915249, 17.003330719052148], [3962.9589901295503, 0.16445717745008182, 0.5138208429672053, 0.553792032915249, 17.003330719052148], [3962.9589901295503, 0.16445717745008182, 0.5138208429672053, 0.553792032915249, 17.003330719052148], [3962.9589901295503, 0.16445717745008182, 0.5138208429672053, 0.553792032915249, 17.003330719052148], [3962.9589901295503, 0.16445717745008182, 0.5138208429672053, 0.553792032915249, 17.003330719052148], [3962.9589901295503, 0.16445717745008182, 0.5138208429672053, 0.553792032915249, 17.003330719052148], [3962.9589901295503, 0.16445717745008182, 0.5138208429672053, 0.553792032915249, 17.003330719052148], [3962.9589901295503, 0.16445717745008182, 0.5138208429672053, 0.553792032915249, 17.003330719052148], [3962.9589901295503, 0.16445717745008182, 0.5138208429672053, 0.553792032915249, 17.003330719052148], [3962.9589901295503, 0.16445717745008182, 0.5138208429672053, 0.553792032915249, 17.003330719052148], [3962.9589901295503, 0.16445717745008182, 0.5138208429672053, 0.553792032915249, 17.003330719052148], [3962.9589901295503, 0.16445717745008182, 0.5138208429672053, 0.553792032915249, 17.003330719052148], [3962.9589901295503, 0.16445717745008182, 0.5138208429672053, 0.553792032915249, 17.003330719052148], [3962.9589901295503, 0.16445717745008182, 0.5138208429672053, 0.553792032915249, 17.003330719052148], [3962.9589901295503, 0.16445717745008182, 0.5138208429672053, 0.553792032915249, 17.003330719052148], [3962.9589901295503, 0.16445717745008182, 0.5138208429672053, 0.553792032915249, 17.003330719052148], [3962.9589901295503, 0.16445717745008182, 0.5138208429672053, 0.553792032915249, 17.003330719052148], [3962.9589901295503, 0.16445717745008182, 0.5138208429672053, 0.553792032915249, 17.003330719052148], [3962.9589901295503, 0.16445717745008182, 0.5138208429672053, 0.553792032915249, 17.003330719052148], [3962.9589901295503, 0.16445717745008182, 0.5138208429672053, 0.553792032915249, 17.003330719052148], [3962.9589901295503, 0.16445717745008182, 0.5138208429672053, 0.553792032915249, 17.003330719052148], [3962.9589901295503, 0.16445717745008182, 0.5138208429672053, 0.553792032915249, 17.003330719052148], [3962.9589901295503, 0.16445717745008182, 0.5138208429672053, 0.553792032915249, 17.003330719052148], [3962.9589901295503, 0.16445717745008182, 0.5138208429672053, 0.553792032915249, 17.003330719052148], [3962.9589901295503, 0.16445717745008182, 0.5138208429672053, 0.553792032915249, 17.003330719052148], [3962.9589901295503, 0.16445717745008182, 0.5138208429672053, 0.553792032915249, 17.003330719052148], [3962.9589901295503, 0.16445717745008182, 0.5138208429672053, 0.553792032915249, 17.003330719052148], [3962.9589901295503, 0.16445717745008182, 0.5138208429672053, 0.553792032915249, 17.003330719052148], [3962.9589901295503, 0.16445717745008182, 0.5138208429672053, 0.553792032915249, 17.003330719052148], [3962.9589901295503, 0.16445717745008182, 0.5138208429672053, 0.553792032915249, 17.003330719052148], [3962.9589901295503, 0.16445717745008182, 0.5138208429672053, 0.553792032915249, 17.003330719052148], [3962.9589901295503, 0.16445717745008182, 0.5138208429672053, 0.553792032915249, 17.003330719052148], [3962.9589901295503, 0.16445717745008182, 0.5138208429672053, 0.553792032915249, 17.003330719052148], [3962.9589901295503, 0.16445717745008182, 0.5138208429672053, 0.553792032915249, 17.003330719052148], [3962.9589901295503, 0.16445717745008182, 0.5138208429672053, 0.553792032915249, 17.003330719052148], [3962.9589901295503, 0.16445717745008182, 0.5138208429672053, 0.553792032915249, 17.003330719052148], [3962.9589901295503, 0.16445717745008182, 0.5138208429672053, 0.553792032915249, 17.003330719052148], [3962.9589901295503, 0.16445717745008182, 0.5138208429672053, 0.553792032915249, 17.003330719052148], [3962.9589901295503, 0.16445717745008182, 0.5138208429672053, 0.553792032915249, 17.003330719052148], [3962.9589901295503, 0.16445717745008182, 0.5138208429672053, 0.553792032915249, 17.003330719052148], [3962.9589901295503, 0.16445717745008182, 0.5138208429672053, 0.553792032915249, 17.003330719052148], [3962.9589901295503, 0.16445717745008182, 0.5138208429672053, 0.553792032915249, 17.003330719052148], [3962.9589901295503, 0.16445717745008182, 0.5138208429672053, 0.553792032915249, 17.003330719052148], [3962.9589901295503, 0.16445717745008182, 0.5138208429672053, 0.553792032915249, 17.003330719052148], [3962.9589901295503, 0.16445717745008182, 0.5138208429672053, 0.553792032915249, 17.003330719052148], [3962.9589901295503, 0.16445717745008182, 0.5138208429672053, 0.553792032915249, 17.003330719052148], [3962.9589901295503, 0.16445717745008182, 0.5138208429672053, 0.553792032915249, 17.003330719052148], [3073.2104209603813, 0.23989628615292577, 0.2692505173637314, 0.6935226567613058, 18.542970427808662]],