{"results": {"results": {"best_params": [742.2428227795274, 0.0009079703308546692, 0.8199336231638713, 0.6038924210437369, 64.06011278706069], "best_cost": 1.7933474779129028}, "stats": {"it_best_costs": [2.0060596466064453, 2.0060596466064453, 2.0060596466064453, 2.0060596466064453, 2.0060596466064453, 1.9726347923278809, 1.9726347923278809, 1.9726347923278809, 1.9726347923278809, 1.9726347923278809, 1.9726347923278809, 1.9726347923278809, 1.9726347923278809, 1.9726347923278809, 1.9093271493911743, 1.9093271493911743, 1.9093271493911743, 1.9093271493911743, 1.9093271493911743, 1.9093271493911743, 1.9093271493911743, 1.9093271493911743, 1.9093271493911743, 1.9093271493911743, 1.9093271493911743, 1.8554580211639404, 1.8554580211639404, 1.8554580211639404, 1.799778699874878, 1.799778699874878, 1.799778699874878, 1.799778699874878, 1.799778699874878, 1.7933474779129028, 1.7933474779129028, 1.7933474779129028, 1.7933474779129028, 1.7933474779129028, 1.7933474779129028, 1.7933474779129028, 1.7933474779129028, 1.7933474779129028, 1.7933474779129028, 1.7933474779129028, 1.7933474779129028, 1.7933474779129028, 1.7933474779129028, 1.7933474779129028, 1.7933474779129028, 1.7933474779129028, 1.7933474779129028, 1.7933474779129028, 1.7933474779129028, 1.7933474779129028, 1.7933474779129028, 1.7933474779129028, 1.7933474779129028, 1.7933474779129028, 1.7933474779129028, 1.7933474779129028, 1.7933474779129028, 1.7933474779129028, 1.7933474779129028, 1.7933474779129028, 1.7933474779129028, 1.7933474779129028, 1.7933474779129028, 1.7933474779129028, 1.7933474779129028, 1.7933474779129028, 1.7933474779129028, 1.7933474779129028, 1.7933474779129028, 1.7933474779129028, 1.7933474779129028, 1.7933474779129028, 1.7933474779129028, 1.7933474779129028, 1.7933474779129028, 1.7933474779129028, 1.7933474779129028, 1.7933474779129028, 1.7933474779129028, 1.7933474779129028, 1.7933474779129028, 1.7933474779129028, 1.7933474779129028, 1.7933474779129028, 1.7933474779129028, 1.7933474779129028, 1.7933474779129028, 1.7933474779129028, 1.7933474779129028, 1.7933474779129028, 1.7933474779129028, 1.7933474779129028, 1.7933474779129028, 1.7933474779129028, 1.7933474779129028], "it_best_params": [[591.617025927123, 0.00546651692037902, 0.5995017454142351, 0.555620871576866, 23.31975179963718], [591.617025927123, 0.00546651692037902, 0.5995017454142351, 0.555620871576866, 23.31975179963718], [591.617025927123, 0.00546651692037902, 0.5995017454142351, 0.555620871576866, 23.31975179963718], [591.617025927123, 0.00546651692037902, 0.5995017454142351, 0.555620871576866, 23.31975179963718], [591.617025927123, 0.00546651692037902, 0.5995017454142351, 0.555620871576866, 23.31975179963718], [520.7620123274198, 0.00910431691997151, 0.9334169406734671, 0.9852889152864448, 64.32044303971642], [520.7620123274198, 0.00910431691997151, 0.9334169406734671, 0.9852889152864448, 64.32044303971642], [520.7620123274198, 0.00910431691997151, 0.9334169406734671, 0.9852889152864448, 64.32044303971642], [520.7620123274198, 0.00910431691997151, 0.9334169406734671, 0.9852889152864448, 64.32044303971642], [520.7620123274198, 0.00910431691997151, 0.9334169406734671, 0.9852889152864448, 64.32044303971642], [520.7620123274198, 0.00910431691997151, 0.9334169406734671, 0.9852889152864448, 64.32044303971642], [520.7620123274198, 0.00910431691997151, 0.9334169406734671, 0.9852889152864448, 64.32044303971642], [520.7620123274198, 0.00910431691997151, 0.9334169406734671, 0.9852889152864448, 64.32044303971642], [520.7620123274198, 0.00910431691997151, 0.9334169406734671, 0.9852889152864448, 64.32044303971642], [109.61253673880302, 0.0020763498391948086, 0.5929421309405717, 0.6139122255886463, 12.59479526437514], [109.61253673880302, 0.0020763498391948086, 0.5929421309405717, 0.6139122255886463, 12.59479526437514], [109.61253673880302, 0.0020763498391948086, 0.5929421309405717, 0.6139122255886463, 12.59479526437514], [109.61253673880302, 0.0020763498391948086, 0.5929421309405717, 0.6139122255886463, 12.59479526437514], [109.61253673880302, 0.0020763498391948086, 0.5929421309405717, 0.6139122255886463, 12.59479526437514], [109.61253673880302, 0.0020763498391948086, 0.5929421309405717, 0.6139122255886463, 12.59479526437514], [109.61253673880302, 0.0020763498391948086, 0.5929421309405717, 0.6139122255886463, 12.59479526437514], [109.61253673880302, 0.0020763498391948086, 0.5929421309405717, 0.6139122255886463, 12.59479526437514], [109.61253673880302, 0.0020763498391948086, 0.5929421309405717, 0.6139122255886463, 12.59479526437514], [109.61253673880302, 0.0020763498391948086, 0.5929421309405717, 0.6139122255886463, 12.59479526437514], [109.61253673880302, 0.0020763498391948086, 0.5929421309405717, 0.6139122255886463, 12.59479526437514], [295.49707205038055, 0.001470613020242566, 0.8752728572141978, 0.709536155612903, 27.935687959455112], [295.49707205038055, 0.001470613020242566, 0.8752728572141978, 0.709536155612903, 27.935687959455112], [295.49707205038055, 0.001470613020242566, 0.8752728572141978, 0.709536155612903, 27.935687959455112], [847.3207079197164, 0.0008321629805509652, 0.81882139634021, 0.5197012227747639, 96.93326692502262], [847.3207079197164, 0.0008321629805509652, 0.81882139634021, 0.5197012227747639, 96.93326692502262], [847.3207079197164, 0.0008321629805509652, 0.81882139634021, 0.5197012227747639, 96.93326692502262], [847.3207079197164, 0.0008321629805509652, 0.81882139634021, 0.5197012227747639, 96.93326692502262], [847.3207079197164, 0.0008321629805509652, 0.81882139634021, 0.5197012227747639, 96.93326692502262], [742.2428227795274, 0.0009079703308546692, 0.8199336231638713, 0.6038924210437369, 64.06011278706069], [742.2428227795274, 0.0009079703308546692, 0.8199336231638713, 0.6038924210437369, 64.06011278706069], [742.2428227795274, 0.0009079703308546692, 0.8199336231638713, 0.6038924210437369, 64.06011278706069], [742.2428227795274, 0.0009079703308546692, 0.8199336231638713, 0.6038924210437369, 64.06011278706069], [742.2428227795274, 0.0009079703308546692, 0.8199336231638713, 0.6038924210437369, 64.06011278706069], [742.2428227795274, 0.0009079703308546692, 0.8199336231638713, 0.6038924210437369, 64.06011278706069], [742.2428227795274, 0.0009079703308546692, 0.8199336231638713, 0.6038924210437369, 64.06011278706069], [742.2428227795274, 0.0009079703308546692, 0.8199336231638713, 0.6038924210437369, 64.06011278706069], [742.2428227795274, 0.0009079703308546692, 0.8199336231638713, 0.6038924210437369, 64.06011278706069], [742.2428227795274, 0.0009079703308546692, 0.8199336231638713, 0.6038924210437369, 64.06011278706069], [742.2428227795274, 0.0009079703308546692, 0.8199336231638713, 0.6038924210437369, 64.06011278706069], [742.2428227795274, 0.0009079703308546692, 0.8199336231638713, 0.6038924210437369, 64.06011278706069], [742.2428227795274, 0.0009079703308546692, 0.8199336231638713, 0.6038924210437369, 64.06011278706069], [742.2428227795274, 0.0009079703308546692, 0.8199336231638713, 0.6038924210437369, 64.06011278706069], [742.2428227795274, 0.0009079703308546692, 0.8199336231638713, 0.6038924210437369, 64.06011278706069], [742.2428227795274, 0.0009079703308546692, 0.8199336231638713, 0.6038924210437369, 64.06011278706069], [742.2428227795274, 0.0009079703308546692, 0.8199336231638713, 0.6038924210437369, 64.06011278706069], [742.2428227795274, 0.0009079703308546692, 0.8199336231638713, 0.6038924210437369, 64.06011278706069], [742.2428227795274, 0.0009079703308546692, 0.8199336231638713, 0.6038924210437369, 64.06011278706069], [742.2428227795274, 0.0009079703308546692, 0.8199336231638713, 0.6038924210437369, 64.06011278706069], [742.2428227795274, 0.0009079703308546692, 0.8199336231638713, 0.6038924210437369, 64.06011278706069], [742.2428227795274, 0.0009079703308546692, 0.8199336231638713, 0.6038924210437369, 64.06011278706069], [742.2428227795274, 0.0009079703308546692, 0.8199336231638713, 0.6038924210437369, 64.06011278706069], [742.2428227795274, 0.0009079703308546692, 0.8199336231638713, 