{"results": {"results": {"best_params": [668.3434732971874, 0.17815856570068056, 0.27149589265999624, 0.5644344478624261, 13.938285299293726], "best_cost": 2.708405017852783}, "stats": {"it_best_costs": [8.588333129882812, 8.588333129882812, 8.588333129882812, 8.588333129882812, 8.588333129882812, 2.8767125606536865, 2.8767125606536865, 2.8767125606536865, 2.8767125606536865, 2.8767125606536865, 2.8767125606536865, 2.8767125606536865, 2.8767125606536865, 2.8767125606536865, 2.8767125606536865, 2.8767125606536865, 2.8767125606536865, 2.8767125606536865, 2.8767125606536865, 2.8767125606536865, 2.8328545093536377, 2.8328545093536377, 2.8328545093536377, 2.8328545093536377, 2.8328545093536377, 2.756526470184326, 2.756526470184326, 2.756526470184326, 2.756526470184326, 2.756526470184326, 2.756526470184326, 2.756526470184326, 2.756526470184326, 2.756526470184326, 2.756526470184326, 2.756526470184326, 2.756526470184326, 2.756526470184326, 2.756526470184326, 2.756526470184326, 2.756526470184326, 2.756526470184326, 2.719632387161255, 2.719632387161255, 2.719632387161255, 2.714853286743164, 2.714853286743164, 2.714853286743164, 2.714853286743164, 2.714853286743164, 2.714853286743164, 2.708405017852783, 2.708405017852783, 2.708405017852783, 2.708405017852783, 2.708405017852783, 2.708405017852783, 2.708405017852783, 2.708405017852783, 2.708405017852783], "it_best_params": [[154.81252939008704, 1.5539494257846753, 0.32007641580915114, 0.19539591006639345, 37.55335615223888], [154.81252939008704, 1.5539494257846753, 0.32007641580915114, 0.19539591006639345, 37.55335615223888], [154.81252939008704, 1.5539494257846753, 0.32007641580915114, 0.19539591006639345, 37.55335615223888], [154.81252939008704, 1.5539494257846753, 0.32007641580915114, 0.19539591006639345, 37.55335615223888], [154.81252939008704, 1.5539494257846753, 0.32007641580915114, 0.19539591006639345, 37.55335615223888], [880.0283366512837, 0.14393029343980865, 0.39781067500472367, 0.5161125273961535, 24.4065828589689], [880.0283366512837, 0.14393029343980865, 0.39781067500472367, 0.5161125273961535, 24.4065828589689], [880.0283366512837, 0.14393029343980865, 0.39781067500472367, 0.5161125273961535, 24.4065828589689], [880.0283366512837, 0.14393029343980865, 0.39781067500472367, 0.5161125273961535, 24.4065828589689], [880.0283366512837, 0.14393029343980865, 0.39781067500472367, 0.5161125273961535, 24.4065828589689], [880.0283366512837, 0.14393029343980865, 0.39781067500472367, 0.5161125273961535, 24.4065828589689], [880.0283366512837, 0.14393029343980865, 0.39781067500472367, 0.5161125273961535, 24.4065828589689], [880.0283366512837, 0.14393029343980865, 0.39781067500472367, 0.5161125273961535, 24.4065828589689], [880.0283366512837, 0.14393029343980865, 0.39781067500472367, 0.5161125273961535, 24.4065828589689], [880.0283366512837, 0.14393029343980865, 0.39781067500472367, 0.5161125273961535, 24.4065828589689], [880.0283366512837, 0.14393029343980865, 0.39781067500472367, 0.5161125273961535, 24.4065828589689], [880.0283366512837, 0.14393029343980865, 0.39781067500472367, 0.5161125273961535, 24.4065828589689], [880.0283366512837, 0.14393029343980865, 0.39781067500472367, 0.5161125273961535, 24.4065828589689], [880.0283366512837, 0.14393029343980865, 0.39781067500472367, 0.5161125273961535, 24.4065828589689], [880.0283366512837, 0.14393029343980865, 0.39781067500472367, 0.5161125273961535, 24.4065828589689], [748.5473051261874, 0.1511533839659464, 0.24509358312756774, 0.5652005309990621, 23.07258852757728], [748.5473051261874, 0.1511533839659464, 0.24509358312756774, 0.5652005309990621, 23.07258852757728], [748.5473051261874, 0.1511533839659464, 0.24509358312756774, 0.5652005309990621, 23.07258852757728], [748.5473051261874, 0.1511533839659464, 0.24509358312756774, 0.5652005309990621, 23.07258852757728], [748.5473051261874, 0.1511533839659464, 0.24509358312756774, 0.5652005309990621, 23.07258852757728], [650.399046003008, 0.13937487368095844, 0.29355937429347123, 0.6716396243489674, 21.80209352881672], [650.399046003008, 0.13937487368095844, 0.29355937429347123, 0.6716396243489674, 21.80209352881672], [650.399046003008, 0.13937487368095844, 0.29355937429347123, 0.6716396243489674, 21.80209352881672], [650.399046003008, 0.13937487368095844, 0.29355937429347123, 0.6716396243489674, 21.80209352881672], [650.399046003008, 0.13937487368095844, 0.29355937429347123, 0.6716396243489674, 21.80209352881672], [650.399046003008, 0.13937487368095844, 0.29355937429347123, 0.6716396243489674, 21.80209352881672], [650.399046003008, 0.13937487368095844, 0.29355937429347123, 0.6716396243489674, 21.80209352881672], [650.399046003008, 0.13937487368095844, 0.29355937429347123, 0.6716396243489674, 21.80209352881672], [650.399046003008, 0.13937487368095844, 0.29355937429347123, 0.6716396243489674, 21.80209352881672], [650.399046003008, 0.13937487368095844, 0.29355937429347123, 0.6716396243489674, 21.80209352881672], [650.399046003008, 0.13937487368095844, 0.29355937429347123, 0.6716396243489674, 21.80209352881672], [650.399046003008, 0.13937487368095844, 0.29355937429347123, 0.6716396243489674, 21.80209352881672], [650.399046003008, 0.13937487368095844, 0.29355937429347123, 0.6716396243489674, 21.80209352881672], [650.399046003008, 0.13937487368095844, 0.29355937429347123, 0.6716396243489674, 21.80209352881672], [650.399046003008, 0.13937487368095844, 0.29355937429347123, 0.6716396243489674, 21.80209352881672], [650.399046003008, 0.13937487368095844, 0.29355937429347123, 0.6716396243489674, 21.80209352881672], [650.399046003008, 0.13937487368095844, 0.29355937429347123, 0.6716396243489674, 21.80209352881672], [739.6510627980499, 0.14746577107863373, 0.28103661628134985, 0.6412759927247553, 12.607454583553698], [739.6510627980499, 0.14746577107863373, 0.28103661628134985, 0.6412759927247553, 12.607454583553698], [739.6510627980499, 0.14746577107863373, 0.28103661628134985, 0.6412759927247553, 12.607454583553698], [722.3708158411515, 0.14839943624447732, 0.27729009958906004, 0.5762327618243819, 14.896673796257332], [722.3708158411515, 0.14839943624447732, 0.27729009958906004, 0.5762327618243819, 14.896673796257332], [722.3708158411515, 0.14839943624447732, 0.27729009958906004, 0.5762327618243819, 14.896673796257332], [722.3708158411515, 0.14839943624447732, 0.27729009958906004, 0.5762327618243819, 14.896673796257332], [722.3708158411515, 0.14839943624447732, 0.27729009958906004, 0.5762327618243819, 14.896673796257332], [722.3708158411515, 0.14839943624447732, 0.27729009958906004, 0.5762327618243819, 14.896673796257332], [668.3434732971874, 0.17815856570068056, 0.27149589265999624, 0.5644344478624261, 13.938285299293726], [668.3434732971874, 0.17815856570068056, 0.27149589265999624, 0.5644344478624261, 13.938285299293726], [668.3434732971874, 0.17815856570068056, 0.27149589265999624, 0.5644344478624261, 13.938285299293726], [668.3434732971874, 0.17815856570068056, 0.27149589265999624, 0.5644344478624261, 13.938285299293726], [668.3434732971874, 0.17815856570068056, 0.27149589265999624, 0.5644344478624261, 13.938285299293726], [668.3434732971874, 0.17815856570068056, 0.27149589265999624, 0.5644344478624261, 13.938285299293726], [668.3434732971874, 0.17815856570068056, 0.27149589265999624, 0.5644344478624261, 13.938285299293726], [668.3434732971874, 0.17815856570068056, 0.27149589265999624, 0.5644344478624261, 13.938285299293726], [668.3434732971874, 0.17815856570068056, 0.27149589265999624, 0.5644344478624261, 13.938285299293726]],