{"results": {"best_params": [113.39801532545597, 1.810355787768559, 0.8784214932231538, 0.1224769334978194, 15.167931079771872], "best_cost": 915928000.0}, "stats": {"it_best_costs": [915928000.0], "time": [3.91206431388855]}, "iteration_results": {"M": 1, "best_m_params": [[113.39801532545597, 1.810355787768559, 0.8784214932231538, 0.1224769334978194, 15.167931079771872]], "best_m_costs": [915928000.0], "best_params": [113.39801532545597, 1.810355787768559, 0.8784214932231538, 0.1224769334978194, 15.167931079771872], "best_cost": 915928000.0}}