,0,1,2,3,4,5,6,7,8,9,accuracy,macro avg,weighted avg
precision,0.9831730769230769,1.0,0.988479262672811,1.0,0.9586206896551724,0.9872773536895675,0.9766355140186916,0.9949238578680203,0.9925925925925926,0.9855769230769231,0.986328125,0.9867279270496855,0.986523553925492
recall,0.9927184466019418,0.9973958333333334,0.9772209567198178,0.9514563106796117,0.9928571428571429,0.9897959183673469,0.9858490566037735,0.9874055415617129,0.9901477832512315,1.0,0.986328125,0.9864846989975913,0.986328125
f1-score,0.9879227053140096,0.998696219035202,0.9828178694158075,0.9751243781094527,0.9754385964912282,0.9885350318471339,0.9812206572769953,0.9911504424778761,0.9913686806411837,0.9927360774818402,0.986328125,0.986501065809073,0.9863192125539437
support,412.0,384.0,439.0,412.0,420.0,392.0,424.0,397.0,406.0,410.0,0.986328125,4096.0,4096.0
