,0,1,2,3,4,5,6,7,8,9,accuracy,macro avg,weighted avg
precision,0.7100213219616205,0.7904040404040404,0.6195652173913043,0.7385057471264368,0.5696428571428571,0.7321867321867321,0.8052325581395349,0.8634920634920635,0.7330097087378641,0.8467532467532467,0.72802734375,0.74088134933357,0.7398698152638683
recall,0.8242574257425742,0.845945945945946,0.6627906976744186,0.6299019607843137,0.7613365155131265,0.7358024691358025,0.6595238095238095,0.6650366748166259,0.7347931873479319,0.7761904761904762,0.72802734375,0.7295579162675024,0.72802734375
f1-score,0.7628865979381444,0.8172323759791122,0.6404494382022472,0.67989417989418,0.651685393258427,0.7339901477832512,0.7251308900523561,0.7513812154696132,0.7339003645200485,0.8099378881987577,0.72802734375,0.7306488491296137,0.7293386943214967
support,404.0,370.0,430.0,408.0,419.0,405.0,420.0,409.0,411.0,420.0,0.72802734375,4096.0,4096.0
