,0,1,2,3,4,5,6,7,8,9,accuracy,macro avg,weighted avg
precision,0.5891472868217055,0.821969696969697,0.513317191283293,0.47580645161290325,0.5194174757281553,0.5067873303167421,0.6277372262773723,0.6666666666666666,0.7048192771084337,0.63718820861678,0.59228515625,0.6062856811401749,0.6035514745071353
recall,0.7086247086247086,0.5864864864864865,0.5,0.5856079404466501,0.4930875576036866,0.5614035087719298,0.6128266033254157,0.6134663341645885,0.5792079207920792,0.683698296836983,0.59228515625,0.5924409357052528,0.59228515625
f1-score,0.6433862433862433,0.6845425867507887,0.5065710872162486,0.525027808676307,0.5059101654846335,0.5326991676575505,0.6201923076923077,0.6389610389610388,0.6358695652173912,0.6596244131455399,0.59228515625,0.595278438418805,0.5940183250524673
support,429.0,370.0,424.0,403.0,434.0,399.0,421.0,401.0,404.0,411.0,0.59228515625,4096.0,4096.0
