,0,1,2,3,4,5,6,7,8,9,accuracy,macro avg,weighted avg
precision,0.12425412425412426,0.05555555555555555,0.1259259259259259,0.0945945945945946,0.3,0.17699115044247787,0.3382352941176471,0.0,0.09010600706713781,0.20134228187919462,0.12841796875,0.15070049338366576,0.15251615163563192
recall,0.8592233009708737,0.0026041666666666665,0.0387243735763098,0.01699029126213592,0.007142857142857143,0.10204081632653061,0.054245283018867926,0.0,0.12561576354679804,0.07317073170731707,0.12841796875,0.12797575842183567,0.12841796875
f1-score,0.2171113155473781,0.004975124378109453,0.05923344947735192,0.02880658436213992,0.013953488372093023,0.12944983818770225,0.09349593495934959,0.0,0.10493827160493828,0.1073345259391771,0.12841796875,0.07592985328282396,0.07619415987787184
support,412.0,384.0,439.0,412.0,420.0,392.0,424.0,397.0,406.0,410.0,0.12841796875,4096.0,4096.0
