,0,1,2,3,4,5,6,7,8,9,accuracy,macro avg,weighted avg
precision,0.6454293628808865,0.6386363636363637,0.6042553191489362,0.5225988700564972,0.504149377593361,0.5248380129589633,0.5787139689578714,0.5304659498207885,0.7580645161290323,0.6357466063348416,0.5859375,0.5942898347517541,0.5938709860974362
recall,0.5767326732673267,0.7594594594594595,0.3302325581395349,0.4534313725490196,0.5799522673031027,0.6,0.6214285714285714,0.7237163814180929,0.5717761557177615,0.669047619047619,0.5859375,0.5885777058330488,0.5859375
f1-score,0.6091503267973856,0.6938271604938272,0.4270676691729323,0.4855643044619423,0.539400665926748,0.5599078341013825,0.5993111366245695,0.6122026887280249,0.651872399445215,0.6519721577726219,0.5859375,0.5830276343524649,0.581343531913239
support,404.0,370.0,430.0,408.0,419.0,405.0,420.0,409.0,411.0,420.0,0.5859375,4096.0,4096.0
