l1,dataset,accuracy
0.000001,train,0.70
0.000001,test,0.62
0.00001,train,0.70
0.00001,test,0.63
0.0001,train,0.69
0.0001,test,0.62
0.001,train,0.61
0.001,test,0.58
0.01,train,0.52
0.01,test,0.50
0.0,train,0.70
0.0,test,0.63
100,train,0.10
100,test,0.10