training-samples,training-time
10000,6.426373243331909
1000,2.7730355262756348
10,2.316903591156006
20000,10.530816555023193
30000,14.336438655853271
40000,18.555562734603882
50000,22.144115924835205
5000,4.429760456085205
