training_samples,loss,accuracy,val_loss,val_accuracy
10000,19,1.4220548868179321,0.5683965086936951,1.478902816772461,0.5289999842643738
1000,19,1.883837103843689,0.3870967626571655,1.9665683507919312,0.3199999928474426
10,19,1.70735764503479,0.75,6.635164260864258,0.0
20000,19,1.3622047901153564,0.585699200630188,1.3444300889968872,0.5975000262260437
30000,19,1.3249784708023071,0.5926145315170288,1.2594242095947266,0.6209999918937683
40000,19,1.239741563796997,0.6259062886238098,1.2044398784637451,0.6504999995231628
50000,19,1.2329041957855225,0.6315473914146423,1.153733730316162,0.6657999753952026
5000,19,1.5688468217849731,0.49188709259033203,1.7176860570907593,0.4519999921321869
